ano,mes,dias_no_mes,dias_com_dado,dias_ausentes,precipitacao_total_mm,precipitacao_media_mm,pct_falha,ano_mes
2016,9,28,28,0,39.400000000000006,1.41,0.0,2016-09
2016,10,31,31,0,17.8,0.57,0.0,2016-10
2016,11,30,30,0,15.6,0.52,0.0,2016-11
2016,12,31,31,0,39.0,1.26,0.0,2016-12
2017,1,31,31,0,3.8,0.12,0.0,2017-01
2017,2,28,28,0,17.6,0.63,0.0,2017-02
2017,3,31,31,0,58.4,1.88,0.0,2017-03
2017,4,30,25,5,140.6,5.62,16.7,2017-04
2017,5,31,31,0,261.0,8.42,0.0,2017-05
2017,6,30,0,30,0.0,,100.0,2017-06
2017,7,31,0,31,0.0,,100.0,2017-07
2017,8,31,0,31,0.0,,100.0,2017-08
2017,9,30,0,30,0.0,,100.0,2017-09
2017,10,31,30,1,88.2,2.94,3.2,2017-10
2017,11,30,30,0,28.2,0.94,0.0,2017-11
2017,12,31,31,0,21.2,0.68,0.0,2017-12
2018,1,31,31,0,14.799999999999999,0.48,0.0,2018-01
2018,2,28,28,0,88.8,3.17,0.0,2018-02
2018,3,31,31,0,142.2,4.59,0.0,2018-03
2018,4,30,30,0,90.8,3.03,0.0,2018-04
2018,5,31,0,31,0.0,,100.0,2018-05
2018,6,30,4,26,11.600000000000001,2.9,86.7,2018-06
2018,7,31,31,0,90.8,2.93,0.0,2018-07
2018,8,31,31,0,25.2,0.81,0.0,2018-08
2018,9,30,30,0,15.8,0.53,0.0,2018-09
2018,10,31,31,0,23.0,0.74,0.0,2018-10
2018,11,30,30,0,28.0,0.93,0.0,2018-11
2018,12,31,31,0,8.6,0.28,0.0,2018-12
2019,1,31,31,0,12.600000000000001,0.41,0.0,2019-01
2019,2,28,28,0,40.800000000000004,1.46,0.0,2019-02
2019,3,31,31,0,132.8,4.28,0.0,2019-03
2019,4,30,30,0,124.6,4.15,0.0,2019-04
2019,5,31,31,0,166.60000000000002,5.37,0.0,2019-05
2019,6,30,30,0,290.0,9.67,0.0,2019-06
2019,7,31,31,0,372.2,12.01,0.0,2019-07
2019,8,31,31,0,102.8,3.32,0.0,2019-08
2019,9,30,30,0,95.60000000000001,3.19,0.0,2019-09
2019,10,31,31,0,91.0,2.94,0.0,2019-10
2019,11,30,30,0,14.2,0.47,0.0,2019-11
2019,12,31,31,0,8.0,0.26,0.0,2019-12
2020,1,31,31,0,19.0,0.61,0.0,2020-01
2020,2,29,29,0,129.6,4.47,0.0,2020-02
2020,3,31,31,0,187.60000000000002,6.05,0.0,2020-03
2020,4,30,30,0,284.6,9.49,0.0,2020-04
2020,5,31,31,0,197.6,6.37,0.0,2020-05
2020,6,30,30,0,274.4,9.15,0.0,2020-06
2020,7,31,31,0,70.0,2.26,0.0,2020-07
2020,8,31,31,0,131.4,4.24,0.0,2020-08
2020,9,30,30,0,45.0,1.5,0.0,2020-09
2020,10,31,31,0,20.0,0.65,0.0,2020-10
2020,11,30,30,0,58.8,1.96,0.0,2020-11
2020,12,31,31,0,8.2,0.26,0.0,2020-12
2021,1,31,31,0,124.4,4.01,0.0,2021-01
2021,2,28,28,0,14.0,0.5,0.0,2021-02
2021,3,31,31,0,72.6,2.34,0.0,2021-03
2021,4,30,30,0,131.0,4.37,0.0,2021-04
2021,5,31,31,0,200.0,6.45,0.0,2021-05
2021,6,30,30,0,86.6,2.89,0.0,2021-06
2021,7,31,31,0,274.2,8.85,0.0,2021-07
2021,8,31,31,0,68.6,2.21,0.0,2021-08
2021,9,30,30,0,50.6,1.69,0.0,2021-09
2021,10,31,31,0,46.400000000000006,1.5,0.0,2021-10
2021,11,30,30,0,80.2,2.67,0.0,2021-11
2021,12,31,3,28,0.0,0.0,90.3,2021-12
2022,1,31,0,31,0.0,,100.0,2022-01
2022,2,28,0,28,0.0,,100.0,2022-02
2022,3,31,0,31,0.0,,100.0,2022-03
2022,4,30,0,30,0.0,,100.0,2022-04
2022,5,31,0,31,0.0,,100.0,2022-05
2022,6,30,0,30,0.0,,100.0,2022-06
2022,7,31,0,31,0.0,,100.0,2022-07
2022,8,31,0,31,0.0,,100.0,2022-08
2022,9,30,23,7,21.4,0.93,23.3,2022-09
2022,10,31,31,0,84.99999999999999,2.74,0.0,2022-10
2022,11,30,24,6,104.8,4.37,20.0,2022-11
2022,12,31,31,0,45.4,1.46,0.0,2022-12
2023,1,31,31,0,32.6,1.05,0.0,2023-01
2023,2,28,28,0,92.4,3.3,0.0,2023-02
2023,3,31,31,0,179.8,5.8,0.0,2023-03
2023,4,30,30,0,196.0,6.53,0.0,2023-04
2023,5,31,31,0,433.6,13.99,0.0,2023-05
2023,6,30,30,0,200.6,6.69,0.0,2023-06
2023,7,31,31,0,191.2,6.17,0.0,2023-07
2023,8,31,31,0,96.0,3.1,0.0,2023-08
2023,9,30,24,6,46.2,1.92,20.0,2023-09
2023,10,31,0,31,0.0,,100.0,2023-10
2023,11,30,14,16,10.600000000000001,0.76,53.3,2023-11
2023,12,31,31,0,34.6,1.12,0.0,2023-12
2024,1,31,31,0,53.6,1.73,0.0,2024-01
2024,2,29,29,0,109.4,3.77,0.0,2024-02
2024,3,31,31,0,89.4,2.88,0.0,2024-03
2024,4,30,30,0,323.8,10.79,0.0,2024-04
2024,5,31,31,0,328.0,10.58,0.0,2024-05
2024,6,30,30,0,251.6,8.39,0.0,2024-06
2024,7,31,31,0,146.0,4.71,0.0,2024-07
2024,8,31,31,0,77.39999999999999,2.5,0.0,2024-08
2024,9,30,30,0,18.4,0.61,0.0,2024-09
2024,10,31,31,0,8.0,0.26,0.0,2024-10
2024,11,30,30,0,18.2,0.61,0.0,2024-11
2024,12,31,31,0,7.6,0.25,0.0,2024-12
2025,1,31,31,0,78.4,2.53,0.0,2025-01
2025,2,28,28,0,45.6,1.63,0.0,2025-02
2025,3,31,31,0,77.8,2.51,0.0,2025-03
2025,4,30,30,0,110.0,3.67,0.0,2025-04
2025,5,31,30,1,416.2,13.87,3.2,2025-05
2025,6,30,29,1,172.2,5.94,3.3,2025-06
2025,7,31,31,0,229.0,7.39,0.0,2025-07
2025,8,31,31,0,194.2,6.26,0.0,2025-08
2025,9,30,29,1,104.2,3.59,3.3,2025-09
2025,10,31,3,28,3.8,1.27,90.3,2025-10
2025,11,30,0,30,0.0,,100.0,2025-11
2025,12,31,0,31,0.0,,100.0,2025-12
2026,1,31,0,31,0.0,,100.0,2026-01
2026,2,28,0,28,0.0,,100.0,2026-02
2026,3,31,0,31,0.0,,100.0,2026-03
2026,4,30,0,30,0.0,,100.0,2026-04
2026,5,31,0,31,0.0,,100.0,2026-05
2026,6,30,0,30,0.0,,100.0,2026-06
2026,7,31,0,31,0.0,,100.0,2026-07
2026,8,31,0,31,0.0,,100.0,2026-08
2026,9,3,0,3,0.0,,100.0,2026-09
