"﻿""data""",localizacao_bairro,descricao
Trânsito|30/05/2011,Aracaju (bairro não especificado),"A chuva e a atuação da SMTT A chuva e a atuação da SMTT Publicado em: 30/05/2011 A charge de Edidelson Silva mostra a atuação agentes de trânsito da SMTT durante a forte chuva que caiu na capital sergipana na última terça-feira, 24. A charge retoma a atuação dos agentes de trânsito da SMTT durante a forte chuva que caiu na capital sergipana na última terça-feira, 24. Com profissionalismo e muita solidariedade os agentes ajudaram a população, além do trabalho de orientação e sinalização do trânsi..."
Trânsito|25/05/2015,Inácio Barbosa (Cezartina Régis; Roberto Fonseca; Poxim Agentes de trânsito da SMTT recuperam placas perdidas durante enchente do rio Poxim Publicado em; Poxim; deve comparecer munido do Certificado de Registro e Licenciamento do Veículo),"Agentes de trânsito da SMTT recuperam placas perdidas durante enchente do rio Poxim Agentes de trânsito da SMTT recuperam placas perdidas durante enchente do rio Poxim Publicado em: 25/05/2015 A Superintendência Municipal de Transportes e Trânsito (SMTT), órgão vinculado à Secretaria Municipal da Defesa Social e da Cidadania, informa A Superintendência Municipal de Transportes e Trânsito (SMTT), órgão vinculado à Secretaria Municipal da Defesa Social e da Cidadania, informa aos condutores que pe..."
Trânsito|25/05/2015,Sol Nascente (Cezartina Régis; Roberto Fonseca; Poxim Agentes de trânsito da SMTT recuperam placas perdidas durante enchente do rio Poxim Publicado em; Poxim; deve comparecer munido do Certificado de Registro e Licenciamento do Veículo),"Agentes de trânsito da SMTT recuperam placas perdidas durante enchente do rio Poxim Agentes de trânsito da SMTT recuperam placas perdidas durante enchente do rio Poxim Publicado em: 25/05/2015 A Superintendência Municipal de Transportes e Trânsito (SMTT), órgão vinculado à Secretaria Municipal da Defesa Social e da Cidadania, informa A Superintendência Municipal de Transportes e Trânsito (SMTT), órgão vinculado à Secretaria Municipal da Defesa Social e da Cidadania, informa aos condutores que pe..."
Trânsito|25/05/2015,Santa Lúcia (Cezartina Régis; Roberto Fonseca; Poxim Agentes de trânsito da SMTT recuperam placas perdidas durante enchente do rio Poxim Publicado em; Poxim; deve comparecer munido do Certificado de Registro e Licenciamento do Veículo),"Agentes de trânsito da SMTT recuperam placas perdidas durante enchente do rio Poxim Agentes de trânsito da SMTT recuperam placas perdidas durante enchente do rio Poxim Publicado em: 25/05/2015 A Superintendência Municipal de Transportes e Trânsito (SMTT), órgão vinculado à Secretaria Municipal da Defesa Social e da Cidadania, informa A Superintendência Municipal de Transportes e Trânsito (SMTT), órgão vinculado à Secretaria Municipal da Defesa Social e da Cidadania, informa aos condutores que pe..."
Trânsito|25/02/2010,Aracaju (bairro não especificado) (sem ser visto pelo condutor é maior),"Chuva exige atenção redobrada de condutores de veículos Chuva exige atenção redobrada de condutores de veículos Publicado em: 25/02/2010 Com a chuva, os condutores de veículos precisam redobrar os cuidados ao dirigir. Com a chuva, os condutores de veículos precisam redobrar os cuidados ao dirigir. De acordo com o diretor de trânsito da Superintendência Municipal de Transporte e Trânsito (SMTT), major Paulo César Paiva, o período chuvoso exige muita atenção. “Quando chove, a visibilidade para que..."
Trânsito|24/05/2023,Aracaju (bairro não especificado) (São Francisco),"SMTT reforça monitoramento do trânsito e alerta para cuidados ao dirigir na chuva SMTT reforça monitoramento do trânsito e alerta para cuidados ao dirigir na chuva Publicado em: 24/05/2023 Equipes da Superintendência Municipal de Transportes e Trânsito (SMTT) de Aracaju trabalham intensivamente em pontos estratégicos da capital em períodos de fortes chuvas, monitorando e auxiliando o trânsito para garantir a mobilidade e a segurança da população. Mas, além disso, a SMTT reforça a importância tam..."
Trânsito|24/05/2011,Centro,"Atuação incisiva da SMTT sob forte chuva é destacada Atuação incisiva da SMTT sob forte chuva é destacada Publicado em: 24/05/2011 O constante trabalho da Superintendência Municipal de Transporte e Trânsito (SMTT), através da Prefeitura Municipal de Aracaju (PMA), foi ressaltado nesta terça-feira, 24, quando a capital sergipana sofreu com as fortes chuvas anunciadas pela estação. O constante trabalho da Prefeitura de Aracaju, por meio da Superintendência Municipal de Transporte e Trânsito (SMTT)..."
Trânsito|21/05/2025,Centro (municipal de Governo de Aracaju; municipal do Planejamento; municipal do Turismo; municipal da Fazenda; municipal do Desenvolvimento Econômico e Inovação),"Gabinete Itinerante: prefeita Emília despacha na SMTT e acompanha em tempo real os impactos da chuva na capital Gabinete Itinerante: prefeita Emília despacha na SMTT e acompanha em tempo real os impactos da chuva na capital Publicado em: 21/05/2025 A prefeita Emília Corrêa esteve na manhã desta quarta-feira, 21, na sede da Superintendência Municipal de Transportes e Trânsito (SMTT) de Aracaju, onde acompanhou o monitoramento dos impactos da chuva na capital. Junto com o secretário municipal de G..."
Trânsito|21/05/2025,Aracaju (bairro não especificado),"SMTT de Aracaju orienta condutores sobre recuperação de placas perdidas durante chuvas na última terça-feira, 20 SMTT de Aracaju orienta condutores sobre recuperação de placas perdidas durante chuvas na última terça-feira, 20 Publicado em: 21/05/2025 A Superintendência Municipal de Transportes e Trânsito (SMTT) orienta a entrar em contato os condutores que tiveram suas placas veiculares perdidas na última terça-feira, 20, por conta das fortes chuvas que caíram sobre Aracaju. Os donos dessas plac..."
Trânsito|20/05/2025,13 de Julho (Ministro Geraldo Barreto Sobral; Marieta Leite; Tancredo Neves; Gonçalo Prado Rolemberg com a rua Coronel Stanley Silveira; Pedro Valadares),"SMTT de Aracaju intensifica monitoramento e realiza bloqueios em vias afetadas pelas chuvas SMTT de Aracaju intensifica monitoramento e realiza bloqueios em vias afetadas pelas chuvas Publicado em: 20/05/2025 A Superintendência Municipal de Transportes e Trânsito (SMTT) de Aracaju está desde as primeiras horas da manhã desta terça-feira, 20, com suas equipes nas ruas monitorando o impacto das fortes chuvas na capital e atuando para prevenir transtornos à mobilidade urbana. A Superintendência Mun..."
Trânsito|20/05/2025,Salgado Filho (Ministro Geraldo Barreto Sobral; Marieta Leite; Tancredo Neves; Gonçalo Prado Rolemberg com a rua Coronel Stanley Silveira; Pedro Valadares),"SMTT de Aracaju intensifica monitoramento e realiza bloqueios em vias afetadas pelas chuvas SMTT de Aracaju intensifica monitoramento e realiza bloqueios em vias afetadas pelas chuvas Publicado em: 20/05/2025 A Superintendência Municipal de Transportes e Trânsito (SMTT) de Aracaju está desde as primeiras horas da manhã desta terça-feira, 20, com suas equipes nas ruas monitorando o impacto das fortes chuvas na capital e atuando para prevenir transtornos à mobilidade urbana. A Superintendência Mun..."
Trânsito|20/05/2025,São José (Ministro Geraldo Barreto Sobral; Marieta Leite; Tancredo Neves; Gonçalo Prado Rolemberg com a rua Coronel Stanley Silveira; Pedro Valadares),"SMTT de Aracaju intensifica monitoramento e realiza bloqueios em vias afetadas pelas chuvas SMTT de Aracaju intensifica monitoramento e realiza bloqueios em vias afetadas pelas chuvas Publicado em: 20/05/2025 A Superintendência Municipal de Transportes e Trânsito (SMTT) de Aracaju está desde as primeiras horas da manhã desta terça-feira, 20, com suas equipes nas ruas monitorando o impacto das fortes chuvas na capital e atuando para prevenir transtornos à mobilidade urbana. A Superintendência Mun..."
Trânsito|20/05/2025,Grageru (Marieta Leite; Coronel Stanley Silveira; Pedro Valadares; Campo do Brito com Avenida Lagarto e na Avenida Construtor João Alves com Lagarto; Acre),"Comitê Operacional: Prefeitura de Aracaju divulga boletim com ações e monitoramento das chuvas Comitê Operacional: Prefeitura de Aracaju divulga boletim com ações e monitoramento das chuvas Publicado em: 20/05/2025 O Comitê Operacional de Aracaju (COA), coordenado pela Defesa Civil Municipal, divulgou nesta terça-feira (20) novo boletim com dados atualizados sobre as chuvas que atingem a capital sergipana. O documento reúne informações do monitoramento meteorológico, ocorrências registradas e aç..."
Trânsito|20/05/2025,Jabotiana (Marieta Leite; Coronel Stanley Silveira; Pedro Valadares; Campo do Brito com Avenida Lagarto e na Avenida Construtor João Alves com Lagarto; Acre),"Comitê Operacional: Prefeitura de Aracaju divulga boletim com ações e monitoramento das chuvas Comitê Operacional: Prefeitura de Aracaju divulga boletim com ações e monitoramento das chuvas Publicado em: 20/05/2025 O Comitê Operacional de Aracaju (COA), coordenado pela Defesa Civil Municipal, divulgou nesta terça-feira (20) novo boletim com dados atualizados sobre as chuvas que atingem a capital sergipana. O documento reúne informações do monitoramento meteorológico, ocorrências registradas e aç..."
Trânsito|20/05/2025,Pereira Lobo (Marieta Leite; Coronel Stanley Silveira; Pedro Valadares; Campo do Brito com Avenida Lagarto e na Avenida Construtor João Alves com Lagarto; Acre),"Comitê Operacional: Prefeitura de Aracaju divulga boletim com ações e monitoramento das chuvas Comitê Operacional: Prefeitura de Aracaju divulga boletim com ações e monitoramento das chuvas Publicado em: 20/05/2025 O Comitê Operacional de Aracaju (COA), coordenado pela Defesa Civil Municipal, divulgou nesta terça-feira (20) novo boletim com dados atualizados sobre as chuvas que atingem a capital sergipana. O documento reúne informações do monitoramento meteorológico, ocorrências registradas e aç..."
Trânsito|20/05/2025,Ponto Novo (Marieta Leite; Coronel Stanley Silveira; Pedro Valadares; Campo do Brito com Avenida Lagarto e na Avenida Construtor João Alves com Lagarto; Acre),"Comitê Operacional: Prefeitura de Aracaju divulga boletim com ações e monitoramento das chuvas Comitê Operacional: Prefeitura de Aracaju divulga boletim com ações e monitoramento das chuvas Publicado em: 20/05/2025 O Comitê Operacional de Aracaju (COA), coordenado pela Defesa Civil Municipal, divulgou nesta terça-feira (20) novo boletim com dados atualizados sobre as chuvas que atingem a capital sergipana. O documento reúne informações do monitoramento meteorológico, ocorrências registradas e aç..."
Trânsito|20/05/2025,Santos Dumont (Marieta Leite; Coronel Stanley Silveira; Pedro Valadares; Campo do Brito com Avenida Lagarto e na Avenida Construtor João Alves com Lagarto; Acre),"Comitê Operacional: Prefeitura de Aracaju divulga boletim com ações e monitoramento das chuvas Comitê Operacional: Prefeitura de Aracaju divulga boletim com ações e monitoramento das chuvas Publicado em: 20/05/2025 O Comitê Operacional de Aracaju (COA), coordenado pela Defesa Civil Municipal, divulgou nesta terça-feira (20) novo boletim com dados atualizados sobre as chuvas que atingem a capital sergipana. O documento reúne informações do monitoramento meteorológico, ocorrências registradas e aç..."
Trânsito|17/07/2019,Inácio Barbosa (Roberto Fonseca),"Placas de identificação dos veículos perdidas no período de chuvas ainda podem ser resgatadas na SMTT Placas de identificação dos veículos perdidas no período de chuvas ainda podem ser resgatadas na SMTT Publicado em: 17/07/2019 Os motoristas que perderam placas dos seus veículos em pontos de alagamentos de Aracaju, devido às recentes chuvas que atingiram a cidade na semana passada, ainda podem retirá-las na sede da Superintendência Municipal de Transportes e Trânsito (SMTT). Mais de 230 foram r..."
Trânsito|12/07/2019,Jabotiana (Avenida Euclides Figueiredo; Euclides Figueiredo),"SMTT alerta condutores sobre pontos de alagamento em Aracaju SMTT alerta condutores sobre pontos de alagamento em Aracaju Publicado em: 12/07/2019 Em meio às fortes chuvas, a Superintendência Municipal de Transportes e Trânsito (SMTT) de Aracaju alerta a população para a necessidade de buscar informações sobre as condições de tráfego das vias da cidade e, em alguns casos, traças rotas alternativas para evitar transtornos. Em meio às fortes chuvas, a Superintendência Municipal de Transportes e Tr..."
Trânsito|12/07/2019,Santa Lúcia (Avenida Euclides Figueiredo; Euclides Figueiredo),"SMTT alerta condutores sobre pontos de alagamento em Aracaju SMTT alerta condutores sobre pontos de alagamento em Aracaju Publicado em: 12/07/2019 Em meio às fortes chuvas, a Superintendência Municipal de Transportes e Trânsito (SMTT) de Aracaju alerta a população para a necessidade de buscar informações sobre as condições de tráfego das vias da cidade e, em alguns casos, traças rotas alternativas para evitar transtornos. Em meio às fortes chuvas, a Superintendência Municipal de Transportes e Tr..."
Trânsito|12/07/2019,Inácio Barbosa (Roberto Fonseca),"Placas de veículos perdidas em vias alagadas podem ser recuperadas na SMTT Placas de veículos perdidas em vias alagadas podem ser recuperadas na SMTT Publicado em: 12/07/2019 Além de organizar o fluxo de veículos e orientar os condutores nesses dias chuvosos, os agentes de trânsito da Superintendência Municipal de Transportes e Trânsito (SMTT) de Aracaju estão recolhendo placas de identificação de veículos que foram perdidas em pontos de alagamento de Aracaju. Mais de 150 já foram resgatadas des..."
Trânsito|12/07/2019,Atalaia (Avenida Euclides Figueiredo; Largo da Aparecida; Euclides Figueiredo e a região do Jabotiana; Santos Dumont para treinos de ciclistas profissionais e amadores; Aracaju),"Devido aos efeitos da chuva, Área de Proteção ao Ciclista será interrompida, excepcionalmente, neste sábado Devido aos efeitos da chuva, Área de Proteção ao Ciclista será interrompida, excepcionalmente, neste sábado Publicado em: 12/07/2019 A Superintendência Municipal de Transportes e Trânsito (SMTT) de Aracaju informa que o funcionamento da Área de Proteção para a Prática de Ciclismo (APPC), na Orla da Atalaia, será interrompida, excepcionalmente, no próximo sábado, dia 13, devido aos efeitos ..."
Trânsito|12/07/2019,Jabotiana (Avenida Euclides Figueiredo; Largo da Aparecida; Euclides Figueiredo e a região do Jabotiana; Santos Dumont para treinos de ciclistas profissionais e amadores; Aracaju),"Devido aos efeitos da chuva, Área de Proteção ao Ciclista será interrompida, excepcionalmente, neste sábado Devido aos efeitos da chuva, Área de Proteção ao Ciclista será interrompida, excepcionalmente, neste sábado Publicado em: 12/07/2019 A Superintendência Municipal de Transportes e Trânsito (SMTT) de Aracaju informa que o funcionamento da Área de Proteção para a Prática de Ciclismo (APPC), na Orla da Atalaia, será interrompida, excepcionalmente, no próximo sábado, dia 13, devido aos efeitos ..."
Trânsito|12/07/2019,Santos Dumont (Avenida Euclides Figueiredo; Largo da Aparecida; Euclides Figueiredo e a região do Jabotiana; Santos Dumont para treinos de ciclistas profissionais e amadores; Aracaju),"Devido aos efeitos da chuva, Área de Proteção ao Ciclista será interrompida, excepcionalmente, neste sábado Devido aos efeitos da chuva, Área de Proteção ao Ciclista será interrompida, excepcionalmente, neste sábado Publicado em: 12/07/2019 A Superintendência Municipal de Transportes e Trânsito (SMTT) de Aracaju informa que o funcionamento da Área de Proteção para a Prática de Ciclismo (APPC), na Orla da Atalaia, será interrompida, excepcionalmente, no próximo sábado, dia 13, devido aos efeitos ..."
Trânsito|12/07/2019,Sol Nascente (Avenida Euclides Figueiredo; Largo da Aparecida; Euclides Figueiredo e a região do Jabotiana; Santos Dumont para treinos de ciclistas profissionais e amadores; Aracaju),"Devido aos efeitos da chuva, Área de Proteção ao Ciclista será interrompida, excepcionalmente, neste sábado Devido aos efeitos da chuva, Área de Proteção ao Ciclista será interrompida, excepcionalmente, neste sábado Publicado em: 12/07/2019 A Superintendência Municipal de Transportes e Trânsito (SMTT) de Aracaju informa que o funcionamento da Área de Proteção para a Prática de Ciclismo (APPC), na Orla da Atalaia, será interrompida, excepcionalmente, no próximo sábado, dia 13, devido aos efeitos ..."
Trânsito|12/07/2019,Santa Lúcia (Avenida Euclides Figueiredo; Largo da Aparecida; Euclides Figueiredo e a região do Jabotiana; Santos Dumont para treinos de ciclistas profissionais e amadores; Aracaju),"Devido aos efeitos da chuva, Área de Proteção ao Ciclista será interrompida, excepcionalmente, neste sábado Devido aos efeitos da chuva, Área de Proteção ao Ciclista será interrompida, excepcionalmente, neste sábado Publicado em: 12/07/2019 A Superintendência Municipal de Transportes e Trânsito (SMTT) de Aracaju informa que o funcionamento da Área de Proteção para a Prática de Ciclismo (APPC), na Orla da Atalaia, será interrompida, excepcionalmente, no próximo sábado, dia 13, devido aos efeitos ..."
Trânsito|11/07/2019,Jabotiana (Avenida Euclides Figueiredo; Euclides Figueiredo),SMTT trabalha para garantir mobilidade da população em regiões de Aracaju afetadas pelas chuvas SMTT trabalha para garantir mobilidade da população em regiões de Aracaju afetadas pelas chuvas Publicado em: 11/07/2019 A chuva acima da média em Aracaju demanda um esquema de trabalho especial do poder público para minimizar os transtornos em áreas vulneráveis. A Prefeitura Municipal de Aracaju (PMA) não tem poupado esforços neste sentido e a Superintendência Municipal de Transportes e Trânsito (SMT...
Trânsito|11/07/2019,Santa Lúcia (Avenida Euclides Figueiredo; Euclides Figueiredo),SMTT trabalha para garantir mobilidade da população em regiões de Aracaju afetadas pelas chuvas SMTT trabalha para garantir mobilidade da população em regiões de Aracaju afetadas pelas chuvas Publicado em: 11/07/2019 A chuva acima da média em Aracaju demanda um esquema de trabalho especial do poder público para minimizar os transtornos em áreas vulneráveis. A Prefeitura Municipal de Aracaju (PMA) não tem poupado esforços neste sentido e a Superintendência Municipal de Transportes e Trânsito (SMT...
Trânsito|07/06/2019,Aracaju (bairro não especificado),"SMTT atua para amenizar transtornos no trânsito de Aracaju após fortes chuvas SMTT atua para amenizar transtornos no trânsito de Aracaju após fortes chuvas Publicado em: 07/06/2019 Aracaju registrou chuvas acima da média, cerca de 150 milímetros de chuva, nesta sexta-feira, 7. Desde as primeiras horas do dia, a Prefeitura Municipal de Aracaju trabalhou em diversos pontos da cidade para amenizar os transtornos para a população durante o período chuvoso e o trabalho da Superintendência Municipal d..."
Trânsito|07/05/2025,Grageru,"SMTT de Aracaju: Vias são liberadas após conclusão de reparos no elevado da Francisco Porto SMTT de Aracaju: Vias são liberadas após conclusão de reparos no elevado da Francisco Porto Publicado em: 07/05/2025 A Superintendência Municipal de Transportes e Trânsito (SMTT) de Aracaju informa que as vias localizadas na parte inferior do elevado das avenidas Francisco Porto, Gonçalo Rollemberg Leite e Hermes Fontes foram totalmente liberadas para o tráfego de veículos no fim da tarde desta terça-feir..."
Trânsito|07/05/2025,Luzia,"SMTT de Aracaju: Vias são liberadas após conclusão de reparos no elevado da Francisco Porto SMTT de Aracaju: Vias são liberadas após conclusão de reparos no elevado da Francisco Porto Publicado em: 07/05/2025 A Superintendência Municipal de Transportes e Trânsito (SMTT) de Aracaju informa que as vias localizadas na parte inferior do elevado das avenidas Francisco Porto, Gonçalo Rollemberg Leite e Hermes Fontes foram totalmente liberadas para o tráfego de veículos no fim da tarde desta terça-feir..."
Trânsito|07/05/2025,Suíssa,"SMTT de Aracaju: Vias são liberadas após conclusão de reparos no elevado da Francisco Porto SMTT de Aracaju: Vias são liberadas após conclusão de reparos no elevado da Francisco Porto Publicado em: 07/05/2025 A Superintendência Municipal de Transportes e Trânsito (SMTT) de Aracaju informa que as vias localizadas na parte inferior do elevado das avenidas Francisco Porto, Gonçalo Rollemberg Leite e Hermes Fontes foram totalmente liberadas para o tráfego de veículos no fim da tarde desta terça-feir..."
Trânsito|02/03/2020,Inácio Barbosa (Roberto Fonseca; veículo também precisa arcar com R),"Placas de identificação perdidas em Aracaju podem ser resgatadas na SMTT Placas de identificação perdidas em Aracaju podem ser resgatadas na SMTT Publicado em: 02/03/2020 A capital sergipana registrou fortes chuvas no último sábado, dia 29 de fevereiro. Por conta disso, agentes da Superintendência Municipal de Transportes e Trânsito (SMTT) encontraram diversas placas de identificação de veículos perdidas em vias da cidade. Mais de 20 placas foram achadas e podem ser resgatadas na sede do órgão. ..."
Transporte|04/11/2013,Capucho (Gentil Tavares; municipal de Infraestrutura; avenida Gentil Tavares),"PMA mobiliza equipes para minimizar efeitos das chuvas PMA mobiliza equipes para minimizar efeitos das chuvas Publicado em: 04/11/2013 Em virtude da forte chuva que atingiu a capital sergipana na madrugada, a Prefeitura de Aracaju, por meio da Empresa Municipal de Obras e Urbanização (Emurb), intensificou as ações de e desobstrução da rede de drenagem a fim de facilitar o escoamento das águas pluviais. Em virtude da forte chuva que atingiu a capital sergipana na madrugada, a Prefeitura de Aracaj..."
Transporte|04/11/2013,Coroa do Meio (Gentil Tavares; municipal de Infraestrutura; avenida Gentil Tavares),"PMA mobiliza equipes para minimizar efeitos das chuvas PMA mobiliza equipes para minimizar efeitos das chuvas Publicado em: 04/11/2013 Em virtude da forte chuva que atingiu a capital sergipana na madrugada, a Prefeitura de Aracaju, por meio da Empresa Municipal de Obras e Urbanização (Emurb), intensificou as ações de e desobstrução da rede de drenagem a fim de facilitar o escoamento das águas pluviais. Em virtude da forte chuva que atingiu a capital sergipana na madrugada, a Prefeitura de Aracaj..."
Transporte|04/11/2013,Inácio Barbosa (Gentil Tavares; municipal de Infraestrutura; avenida Gentil Tavares),"PMA mobiliza equipes para minimizar efeitos das chuvas PMA mobiliza equipes para minimizar efeitos das chuvas Publicado em: 04/11/2013 Em virtude da forte chuva que atingiu a capital sergipana na madrugada, a Prefeitura de Aracaju, por meio da Empresa Municipal de Obras e Urbanização (Emurb), intensificou as ações de e desobstrução da rede de drenagem a fim de facilitar o escoamento das águas pluviais. Em virtude da forte chuva que atingiu a capital sergipana na madrugada, a Prefeitura de Aracaj..."
