Nome da Fonte,Link/URL,Periodo Coberto,Nível de Confiabilidade,Dificuldade de Acesso,Pontos positivos,Pontos negativos
A8 SERGIPE,https://a8se.com/busca/?query=ALAGAMENTO,2015-2026,Médio,Fácil,Boa quantidade de manchetes com nome dos bairros/ruas alagadas. Html bem padronizado,"A data das manchetes tem formato diferente do usual, ao invés de mostrar quando foi, mostra há quanto tempo atrás aconteceu"
AJN1,https://ajn1.com.br/page/1/?s=ALAGAMENTO,2015-2026,Médio,Fácil,Boa quantidade de manchetes. Datas explícitas. Html bem padronizado,Maior parte dos detalhamentos dos locais alagados aparecem apenas ao clicar nos links
Fan F1,https://fanf1.com.br/page/1/?s=ALAGAMENTO,2023-2026,Médio,Fácil,Boa quantidade de manchetes. Datas explícitas. Html bem padronizado,Certa quantidade de materias que se referem ao interior de sergipe e não à Aracaju ou de matérias sobre prevenção
SOS sergipe,https://www.sosergipe.com.br/page/5/?s=ALAGAMENTO,2017-2026,Médio,Médio,,Maioria das matérias são alertas e notícias de prevenção. Alguns pop-ups de anúncios
SMTT,https://smtt.aracaju.se.gov.br/anos-anteriores/?search_text=ALAGAMENTO&filter_year=0&cat=0,2016-2026,Alto,Médio,"Possui conteúdo referente a mudanças no transito por alagamentos, com bom detalhamento sobre ruas e trechos alagados ",Os detalhamentos são só ao clicar nos links
F5 notícias,https://www.f5news.com.br/resultado-busca.html?b=ALAGAMENTO&pg=1,2019-2026,Médio,Médio (reCaptcha),Manchetes bem direcionadas ao objetivo. Datas explícitas. Tem resumo. Html bem padronizado. reCaptcha parece ser simples,reCaptcha. Os detalhamentos de bairros afetados aparecem só dentro das matérias
SN Sergipe Notícias,https://www.sergipenoticias.com/pesquisa.php?q=ALAGAMENTO,2023-2026,Médio,Médio (sem data no resumo),,Muitas matérias sobre outros locais de Sergipe. Não tem data
Defesa civil,https://defesacivil.se.gov.br/,2019-2026,Alto,Fácil,,"Muitos alertas, porém poucos registros de alagamento em si"
Infonet,https://infonet.com.br/categoria/noticias/cidade/,2016-2026,Médio,Médio,Muitas matérias. Html bem padronizado,"A ferramenta de pesquisa retorna pouca quantidade de matérias, sem nenhum tipo de paginação, scroll infinito, etc, então acredito que seria necessário procurar as materias referentes aos alagametnos dentre todas as outras. Detalhamentos sobre os locais alagados não aparecem nas manchetes/resumos "
